Nickname,Email,Gender,Birthyear,account_id
박준영,byeongceolhan@hanmail.net,male,2000,1
김진우,bgang@naver.com,male,1992,2
장지혜,jihyeon88@hotmail.com,male,1993,3
최현우,haeun02@dreamwiz.com,male,1996,4
서순옥,eungyeong31@nate.com,female,1997,5
황은서,seonyeong93@naver.com,female,1998,6
이정훈,gwangsucoe@nate.com,male,1993,7
류선영,kgim@naver.com,female,1988,8
오상호,seongsu39@naver.com,female,1988,9
이현지,igim@daum.net,male,1998,10
최상철,mgim@naver.com,male,2002,11
윤준호,yeeuni@dreamwiz.com,male,1991,12
양승민,yeweon35@dreamwiz.com,male,2001,13
오춘자,lyun@daum.net,male,1991,14
민주원,idonghyeon@hotmail.com,female,1999,15
한혜진,coegyeonghyi@naver.com,male,1996,16
차승현,iyeonghyi@hotmail.com,male,1990,17
김정호,hayunbaeg@naver.com,female,1999,18
임지훈,ohwang@hotmail.com,male,1993,19
오경수,bagseungmin@nate.com,female,1988,20
김지훈,jaeho01@naver.com,female,1989,21
류민서,yujini@live.com,female,1996,22
김정희,vgim@dreamwiz.com,male,1993,23
박정웅,qhong@hotmail.com,female,1988,24
박상현,hongyeongho@gmail.com,female,1989,25
홍민준,seonyeonggang@hanmail.net,female,1996,26
박미숙,gimsangceol@daum.net,male,1999,27
안준호,bbag@hanmail.net,female,1997,28
장지아,iminjun@hotmail.com,female,1997,29
김경자,hbag@gmail.com,male,1992,30
문상현,jeongsunjang@gmail.com,male,2002,31
진경수,seojeongsu@nate.com,female,1999,32
이서윤,cunja37@gmail.com,male,2001,33
이영호,doyungim@hotmail.com,male,1999,34
박성수,oyejin@nate.com,female,1995,35
한예원,jeonghocoe@hotmail.com,male,1998,36
백건우,hyejinbag@live.com,male,1993,37
구하은,yeongsu28@naver.com,female,1988,38
김도윤,pi@live.com,male,1989,39
김서윤,gimjaehyeon@live.com,female,1994,40
홍보람,hayungim@gmail.com,male,2001,41
류수진,minsu93@dreamwiz.com,male,1989,42
서하은,ri@hotmail.com,female,1993,43
오시우,jaeho15@nate.com,male,1998,44
박은경,seongsu54@dreamwiz.com,female,1998,45
김명숙,migyeong66@live.com,male,2001,46
김재현,xi@daum.net,female,1992,47
한지훈,sangceolbae@live.com,male,1992,48
박성훈,ganghyeonju@nate.com,male,1999,49
박유진,vgang@hotmail.com,male,1988,50
안경숙,coeogja@daum.net,male,1988,51
박성호,imhayun@dreamwiz.com,male,1996,52
전광수,ijeongnam@dreamwiz.com,male,1994,53
주숙자,minseogi@hanmail.net,female,1997,54
구지은,jeongsui@gmail.com,male,1996,55
이경희,jeongungcoe@live.com,female,1991,56
이명자,ecoe@nate.com,male,2000,57
이준서,seongsujang@hotmail.com,female,1989,58
주미정,vcoe@naver.com,female,1991,59
이서연,gyeonghyii@live.com,male,1991,60
심성민,yeji15@naver.com,female,1995,61
이영희,minseog20@daum.net,female,1992,62
박수민,baghyeonsug@hotmail.com,male,1992,63
차승민,seobyeongceol@hanmail.net,female,1994,64
김상호,minsugim@gmail.com,female,1990,65
장정웅,anminseo@live.com,female,1993,66
장민수,egim@hanmail.net,male,1991,67
장영진,gyeongjagim@dreamwiz.com,female,1994,68
최경숙,gimareum@nate.com,male,1997,69
김영식,sujinyun@dreamwiz.com,male,1991,70
박지영,kheo@gmail.com,female,1991,71
김영수,hongseonyeong@hanmail.net,female,1989,72
김준혁,seongjingim@nate.com,male,2002,73
이하윤,xbaeg@dreamwiz.com,female,2001,74
강도윤,bagjeongsug@live.com,male,1994,75
김정남,tgim@nate.com,male,1992,76
차민서,rcoe@dreamwiz.com,female,1991,77
황영희,jieunseo@hanmail.net,male,1997,78
김준호,ugim@hanmail.net,female,1999,79
구성현,seongsu35@naver.com,female,1990,80
남병철,sugja39@hanmail.net,male,1995,81
서성호,yeongsu59@hanmail.net,female,1990,82
박지혜,yeongsugim@hotmail.com,male,2001,83
정정자,eunyeongnam@daum.net,female,1994,84
서보람,hyeonjeong98@nate.com,male,1997,85
이수빈,anyeongmi@hanmail.net,female,1992,86
김승민,jaehogang@naver.com,male,1988,87
배도윤,nameunyeong@hanmail.net,female,1999,88
이지원,ujinno@daum.net,female,2002,89
서서영,gwangsumun@hanmail.net,female,1991,90
김예원,gyeonghyijang@gmail.com,male,1990,91
황성호,gimmisug@naver.com,female,2001,92
안건우,yejunan@nate.com,male,1991,93
김현지,ogsungim@nate.com,female,1997,94
박영수,seongmin55@naver.com,female,1999,95
최미영,sunjai@hanmail.net,female,1990,96
최춘자,ujini@naver.com,male,1989,97
오주원,yeongjagim@live.com,female,2001,98
최민석,ganggyeongja@nate.com,male,1994,99
최성수,wi@dreamwiz.com,male,1995,100
김지연,jaeho55@dreamwiz.com,male,1999,101
오정숙,gimyeeun@daum.net,male,1988,102
안성진,subini@gmail.com,female,1994,103
최예준,ksong@daum.net,male,1993,104
이현우,xgu@gmail.com,female,1988,105
유지영,seoyeong47@nate.com,male,1996,106
김상현,van@live.com,male,1998,107
남지아,yeongjin81@nate.com,female,1994,108
김지원,fsong@dreamwiz.com,male,1991,109
류정남,ijungsu@dreamwiz.com,male,1992,110
손재현,sanghyeon83@naver.com,male,1991,111
백영식,bgim@live.com,male,1998,112
성혜진,sangceolbag@naver.com,male,1995,113
김수빈,yunyeongsun@daum.net,male,2001,114
안수민,rgim@hotmail.com,male,1994,115
배동현,hageonu@nate.com,female,1996,116
권지후,yunseoi@hotmail.com,female,2001,117
이성민,minseog54@hanmail.net,female,1999,118
이숙자,gyang@hanmail.net,female,1994,119
김민재,gimjunhyeog@live.com,female,1992,120
박정희,sgim@dreamwiz.com,male,2000,121
최수민,gimjeonghun@gmail.com,male,1990,122
김재호,yeonggili@naver.com,male,2002,123
김민지,yunyeongho@daum.net,female,1997,124
류지혜,migyeong67@hanmail.net,female,1997,125
이승민,sunjabae@gmail.com,female,1992,126
김지혜,simhyeonju@nate.com,male,1998,127
박선영,junhogim@nate.com,male,1992,128
김현우,sunjahong@gmail.com,male,1991,129
손정순,anjihye@hotmail.com,male,1989,130
김현숙,uan@gmail.com,female,2002,131
최명자,ogsun36@nate.com,male,1992,132
황정순,jhong@hanmail.net,female,1999,133
양지원,minseogan@hotmail.com,female,1999,134
김병철,hjo@gmail.com,female,1996,135
이지우,tca@daum.net,female,1989,136
이영순,ho@naver.com,female,1992,137
서은영,sugjabae@gmail.com,female,1994,138
이유진,wi@nate.com,male,1994,139
김경희,iyunseo@live.com,female,1998,140
김경수,sujin71@hotmail.com,female,1990,141
이종수,ecoe@hanmail.net,female,1990,142
이상호,hseong@hotmail.com,male,1998,143
나성민,sumin07@nate.com,male,1996,144
김지아,jongsu33@dreamwiz.com,male,1990,145
이건우,anjeongsug@nate.com,female,1988,146
우병철,gyeongsuggim@gmail.com,female,1999,147
홍춘자,seongsu39@hanmail.net,male,1998,148
이주원,dheo@gmail.com,male,1993,149
오재현,qgim@nate.com,male,1994,150
박춘자,igo@gmail.com,male,1988,151
배정숙,xgim@dreamwiz.com,male,1993,152
송우진,yejun42@gmail.com,male,2001,153
이정숙,yeongmi50@dreamwiz.com,female,1993,154
홍미숙,bnam@hotmail.com,female,1996,155
심미경,coehyeonju@live.com,male,1991,156
윤정자,minsu39@hanmail.net,male,1992,157
구도윤,icunja@naver.com,male,1992,158
김성수,seunghyeongweon@naver.com,male,1992,159
고종수,wan@hotmail.com,female,2001,160
문상호,jiai@gmail.com,female,1997,161
이예지,sonjunyeong@hanmail.net,female,1988,162
문동현,siuan@nate.com,female,1989,163
장영희,misug12@hanmail.net,female,1988,164
이상현,bbag@live.com,male,1989,165
박건우,ijihyeon@hotmail.com,female,1999,166
임예진,yeongho09@daum.net,male,1989,167
박정자,xbag@naver.com,male,1997,168
김서현,ccoe@naver.com,male,1997,169
허정자,gimyunseo@nate.com,female,1988,170
권민준,jihyeon45@dreamwiz.com,male,1994,171
김중수,minjae34@nate.com,female,1999,172
양주원,honghyeonsug@daum.net,female,1993,173
박재현,misugi@live.com,female,2002,174
양진우,njang@hanmail.net,male,1994,175
김영호,janggyeongja@hotmail.com,female,1989,176
박승민,yeonggil61@hanmail.net,female,1997,177
남경희,yeongilgim@dreamwiz.com,male,1990,178
서동현,ogsun47@daum.net,male,1996,179
김동현,bagjihu@hotmail.com,female,1998,180
정영미,bagjeongja@hotmail.com,female,1991,181
배현지,yeonggilbaeg@live.com,female,1996,182
김보람,zhan@nate.com,male,1990,183
최민수,bagsujin@nate.com,female,1992,184
장현지,coeseojun@naver.com,male,2000,185
박광수,bagyeeun@naver.com,male,1988,186
윤지원,sgim@naver.com,female,1999,187
김정훈,yeongceol95@nate.com,female,1989,188
이선영,cgim@hotmail.com,male,1992,189
전정웅,juyeeun@nate.com,female,1998,190
최재호,jeongsugja@live.com,female,2001,191
민하윤,gimyeongho@gmail.com,male,2000,192
한하윤,ryusubin@live.com,female,1999,193
김미경,casanghun@naver.com,female,2000,194
최정숙,qgim@naver.com,male,2000,195
김은지,odonghyeon@gmail.com,male,1988,196
장서현,ri@daum.net,male,1996,197
이지훈,sugjabae@naver.com,male,1990,198
김성훈,jieuni@hanmail.net,female,1991,199
이영미,junho84@hanmail.net,female,1992,200
윤영희,gyeongsug65@nate.com,male,1995,201
김영숙,kgim@hotmail.com,female,1995,202
이준영,yeeunhwang@gmail.com,female,1999,203
홍경희,minseog66@nate.com,female,1997,204
진지민,jiu54@dreamwiz.com,male,1993,205
조경자,gyun@hotmail.com,male,1995,206
박상훈,ijungsu@hotmail.com,female,1999,207
성정호,seohyeon21@naver.com,female,1991,208
이영숙,siuyun@daum.net,female,1997,209
김숙자,siu23@nate.com,male,1992,210
조승현,iseunghyeon@hanmail.net,female,1997,211
민명자,gimseohyeon@dreamwiz.com,female,1988,212
이준혁,gangyeongsig@hanmail.net,female,2001,213
김채원,sugja42@nate.com,female,1992,214
최정남,mi@hotmail.com,female,1989,215
김아름,seongjin58@dreamwiz.com,female,1992,216
박승현,ubaeg@dreamwiz.com,male,1996,217
양재현,yangyujin@gmail.com,male,1991,218
강지영,minjaegim@nate.com,male,1994,219
김민수,tmun@nate.com,male,1989,220
서지연,ujin69@nate.com,male,1994,221
이정웅,hyejin72@nate.com,female,1997,222
김윤서,hansugja@gmail.com,female,1998,223
이병철,seonghyeonseo@dreamwiz.com,male,1995,224
우예원,jieuni@nate.com,female,1990,225
윤영식,eunjeongi@hotmail.com,male,1989,226
황상현,tbag@live.com,female,1998,227
안예진,nasubin@daum.net,male,1994,228
박도현,seongminha@naver.com,male,1995,229
한성현,junyeong55@live.com,female,1993,230
홍건우,ugim@nate.com,male,1998,231
이예은,baeggyeongsug@daum.net,female,1988,232
최성민,siu90@naver.com,male,1996,233
정영일,eungyeong38@daum.net,male,1989,234
박정순,sangceol89@naver.com,male,1996,235
윤성훈,hyeonju10@dreamwiz.com,female,1998,236
박지후,gimjihyeon@hotmail.com,male,1995,237
윤춘자,seongyeweon@gmail.com,male,1994,238
윤예지,imigyeong@nate.com,male,1990,239
김미숙,rbag@hotmail.com,male,1998,240
지우진,jeongho52@gmail.com,male,1995,241
박성민,seoyeong51@dreamwiz.com,female,2000,242
고지후,hsong@naver.com,female,1994,243
문재호,jinsanghyeon@naver.com,male,1991,244
최시우,gimjeongsig@naver.com,female,1991,245
허민지,tbag@nate.com,male,1990,246
백영일,gimmyeongsug@gmail.com,male,1996,247
나수빈,jeongsun36@gmail.com,male,1991,248
이정남,seunghyeon33@hotmail.com,male,1998,249
안미정,ayang@hotmail.com,female,1997,250
박지원,sangceol04@live.com,male,1999,251
김준서,minjun50@dreamwiz.com,female,1994,252
이현주,kjang@daum.net,male,2002,253
오은주,ganghyeonju@hanmail.net,female,2000,254
박보람,jihu98@live.com,female,2001,255
이은주,hongeunji@daum.net,female,1999,256
최성진,sangceolson@dreamwiz.com,male,2001,257
박준혁,yejun62@dreamwiz.com,male,1990,258
황경희,hyeonui@hanmail.net,male,1990,259
최재현,jeongunggim@naver.com,male,2001,260
임성진,icoe@naver.com,female,1991,261
장예원,sunog06@naver.com,female,2001,262
오준영,jinhogim@daum.net,male,1997,263
김민석,gimjeongung@hotmail.com,female,1991,264
나영수,pi@hotmail.com,female,1991,265
문정자,miyeongi@nate.com,male,1988,266
권정남,yeongsig30@dreamwiz.com,female,2002,267
김은경,ijia@dreamwiz.com,female,1991,268
이민석,vgim@gmail.com,male,2002,269
김예은,jiyeon94@hanmail.net,male,1996,270
양미경,tgim@naver.com,male,2002,271
김하은,hayun05@hotmail.com,female,1999,272
홍경수,seunghyeonseo@gmail.com,female,1990,273
이영수,seunghyeongim@hotmail.com,female,1991,274
허미경,gwangsubag@naver.com,female,1992,275
박예준,seonghyeonsong@naver.com,female,1996,276
김정수,yi@gmail.com,female,1995,277
서현준,seongjongsu@hanmail.net,male,1999,278
배지훈,ojieun@naver.com,female,1993,279
안미숙,songjihu@nate.com,male,2000,280
백영철,lgim@hanmail.net,female,1988,281
박예진,seohyeonseong@gmail.com,male,1991,282
송예은,yeongsun87@live.com,female,1993,283
김예지,gimjeongsug@live.com,male,1988,284
김은주,yunhyeonjeong@nate.com,male,1996,285
김유진,njang@daum.net,male,1999,286
황명자,bagbyeongceol@dreamwiz.com,male,1997,287
강영철,minseo77@nate.com,female,1989,288
양아름,minsuyun@gmail.com,male,2002,289
장지연,jimini@dreamwiz.com,female,1994,290
김은영,minseoi@naver.com,female,1992,291
김명자,ian@live.com,female,1988,292
임혜진,ai@hanmail.net,female,2002,293
진유진,minji59@dreamwiz.com,male,2001,294
차경숙,yeeun01@gmail.com,male,1991,295
김상철,zi@nate.com,male,1995,296
남혜진,jihye47@gmail.com,male,1996,297
김영일,miyeong75@nate.com,male,1993,298
이명숙,minseoo@naver.com,female,2002,299
박지아,vbag@daum.net,male,1990,300
오동현,jinugim@hotmail.com,male,1988,301
김영진,seoyunryu@gmail.com,male,1999,302
박시우,jeongnamsim@daum.net,female,1988,303
황영자,sangceolna@daum.net,female,1995,304
이민서,jeongnamgim@naver.com,female,1996,305
황서준,minjii@nate.com,male,1991,306
배순자,jeongsugcoe@nate.com,male,2000,307
윤경희,gimjunhyeog@nate.com,male,1989,308
김민준,gimyeeun@live.com,male,2000,309
김종수,jhong@naver.com,male,1993,310
권현주,uyun@nate.com,male,2001,311
서건우,yeeun61@live.com,female,1999,312
장수민,iyujin@daum.net,female,1996,313
이민수,gimsunog@nate.com,male,1993,314
고예은,sanghyeongim@dreamwiz.com,male,2002,315
이재현,boram12@dreamwiz.com,male,1988,316
조영미,iminjae@hanmail.net,male,2001,317
김순자,msong@live.com,male,1988,318
박은주,seoyeon31@live.com,male,1990,319
백지혜,junhyeog55@dreamwiz.com,male,1994,320
양민수,yejingim@nate.com,male,1995,321
이지후,yungeonu@dreamwiz.com,male,1994,322
강시우,igim@live.com,male,1998,323
고영진,zi@live.com,female,2000,324
김정웅,vyun@hanmail.net,female,1992,325
김현준,yeonghoan@live.com,male,1992,326
강정호,bagyujin@daum.net,male,1992,327
권선영,yejin15@hotmail.com,male,1996,328
진지원,jinmigyeong@live.com,female,1990,329
김정숙,seongjin99@daum.net,female,2002,330
지영환,wjeong@hotmail.com,female,1990,331
최지민,yeonghyigim@nate.com,male,1988,332
한성훈,sangho02@naver.com,female,1994,333
송영수,cgim@naver.com,male,1995,334
한병철,gi@dreamwiz.com,female,1990,335
류정웅,hayun69@hotmail.com,male,1999,336
이춘자,dohyeon45@hanmail.net,female,1998,337
최광수,yeongja35@hotmail.com,male,1992,338
장혜진,isanghun@daum.net,female,1992,339
윤민준,areumgim@dreamwiz.com,female,1995,340
최수진,pgim@live.com,female,1989,341
이수진,bbaeg@live.com,female,1998,342
서준혁,ijeongsug@daum.net,female,1989,343
고미영,hyeonju28@naver.com,female,1989,344
고중수,yeongjin13@hotmail.com,male,1994,345
이미숙,gimbyeongceol@gmail.com,female,1995,346
장성수,shan@daum.net,female,1999,347
김순옥,gyeonghyii@nate.com,male,1988,348
윤종수,xgim@hotmail.com,female,1996,349
최진호,ijunho@naver.com,male,1991,350
양미영,jeongsig80@naver.com,male,2001,351
임민재,yeonggilan@live.com,male,1999,352
이순자,hyeonubag@daum.net,male,1994,353
우영길,jiu99@gmail.com,female,2000,354
오진호,jimingang@nate.com,male,1998,355
엄진호,yunyejin@live.com,male,1997,356
이준호,gimminjun@nate.com,male,1995,357
이상훈,go@dreamwiz.com,male,1992,358
이성진,jihugim@naver.com,male,2001,359
최민준,gyeongsug95@dreamwiz.com,male,1994,360
이정호,seongho19@hotmail.com,female,1989,361
진지훈,jgang@hanmail.net,male,1997,362
이아름,ui@naver.com,male,1999,363
김옥자,yeongmiseo@live.com,female,1990,364
양예원,pgim@hanmail.net,male,1993,365
윤서현,seohyeon26@hotmail.com,male,1988,366
김예준,jsong@hanmail.net,female,1998,367
윤유진,jo@dreamwiz.com,male,1991,368
장시우,coejaehyeon@hanmail.net,male,2002,369
박지연,seonghun45@daum.net,male,1993,370
오영환,seoyun34@gmail.com,female,1999,371
김경숙,iseonghyeon@gmail.com,male,1997,372
장현숙,bgim@gmail.com,male,1988,373
이영환,gimsiu@dreamwiz.com,male,1999,374
이예원,jeongsu94@nate.com,female,1995,375
이현숙,jiyeon87@hotmail.com,female,1998,376
안동현,mijeongmun@hanmail.net,male,1988,377
김지영,hcoe@gmail.com,female,1992,378
박하은,ehwang@gmail.com,female,1988,379
최옥순,eunyeong45@nate.com,male,1993,380
강영수,qgim@gmail.com,female,1989,381
안지혜,xi@hotmail.com,male,1990,382
류미정,boram15@live.com,male,1994,383
최상호,gwangsui@daum.net,male,1999,384
이영철,yeonghobag@nate.com,female,1993,385
류지은,yeongsuggim@hotmail.com,male,1990,386
박성현,bagjihyeon@naver.com,male,1995,387
이지현,ihong@live.com,male,1993,388
황정웅,gimjia@gmail.com,male,1988,389
허영자,jongsu24@nate.com,male,1997,390
김서준,sanghyeongim@nate.com,male,2000,391
이민지,syun@daum.net,female,1995,392
곽지영,yeongjin56@daum.net,female,1992,393
윤윤서,sanghungim@naver.com,female,1997,394
양영진,gujihye@hotmail.com,female,1993,395
이영길,minjae41@live.com,male,1989,396
박민재,hyun@nate.com,male,1989,397
이영진,geonu73@live.com,male,1994,398
윤혜진,jihun75@daum.net,female,2002,399
김성호,shong@nate.com,male,1993,400
최정자,imisug@nate.com,male,1997,401
곽상현,sanghogang@hotmail.com,male,1998,402
강선영,egim@nate.com,male,1998,403
박영식,gimseohyeon@live.com,male,1996,404
류영호,yujin98@dreamwiz.com,male,1999,405
최선영,yeongsugbag@nate.com,male,1996,406
강미숙,bagjeongsun@dreamwiz.com,female,1988,407
강은경,hajunyeong@live.com,female,1995,408
황성현,qgim@daum.net,female,1988,409
정상훈,jeongsug78@dreamwiz.com,male,1997,410
박병철,junhogim@gmail.com,female,1999,411
이경자,minjae35@naver.com,male,2002,412
강도현,vi@hanmail.net,female,1997,413
차성훈,gbag@naver.com,male,1998,414
정정순,yeonghwanan@nate.com,female,2002,415
윤옥순,yeongjin95@gmail.com,male,1996,416
이서준,tbag@hanmail.net,female,1994,417
황도윤,gimyeonghwan@dreamwiz.com,male,1995,418
이상철,sanghungim@gmail.com,male,2002,419
양민석,migyeong03@naver.com,female,1992,420
장민서,hyeonu28@dreamwiz.com,male,1994,421
오지영,igeonu@nate.com,male,1991,422
류보람,iseonyeong@hotmail.com,female,1999,423
고정순,mbag@live.com,male,1998,424
김영미,seoyunbag@gmail.com,female,1997,425
김영자,igang@daum.net,male,1988,426
박경수,eunyeong31@hotmail.com,male,1994,427
나서연,gimseunghyeon@daum.net,male,2001,428
강민수,migyeong19@hanmail.net,female,1990,429
이채원,zgu@dreamwiz.com,female,1999,430
윤예준,xyun@hotmail.com,female,1994,431
조주원,ason@gmail.com,male,1998,432
권영희,jiyeong57@daum.net,male,1993,433
장우진,jieuni@hotmail.com,male,1989,434
오건우,isanghun@nate.com,female,1991,435
안지아,sujin81@daum.net,female,2001,436
구도현,hwangeunseo@gmail.com,female,2000,437
박동현,igim@gmail.com,female,1990,438
박미정,sanghun62@hotmail.com,male,1994,439
안지영,geonu69@naver.com,male,1989,440
서정호,pgweon@gmail.com,male,1995,441
이은지,gimyunseo@daum.net,female,2000,442
차민준,pgim@nate.com,male,1990,443
이서영,gimjeongho@nate.com,female,1996,444
손성현,ri@dreamwiz.com,male,1994,445
하민지,seoyungim@hanmail.net,female,2001,446
장은서,minjae38@dreamwiz.com,female,2000,447
한도현,ujin76@hotmail.com,male,1998,448
허주원,xgim@daum.net,female,2001,449
장정훈,baesubin@naver.com,female,2001,450
윤승현,baedoyun@gmail.com,male,1990,451
허은정,idoyun@live.com,male,1997,452
안민지,caeweon49@naver.com,male,1998,453
최현준,seoyeongi@hanmail.net,female,1989,454
양성현,jihun09@gmail.com,male,1991,455
박순옥,yeongsu65@gmail.com,male,1993,456
최서현,fyang@dreamwiz.com,male,2002,457
고승민,bagyeongsig@naver.com,female,1989,458
이경숙,iogsun@gmail.com,female,1994,459
장은경,chong@nate.com,male,1997,460
김도현,vi@daum.net,male,1999,461
장동현,oyang@nate.com,male,2001,462
이미정,jgim@gmail.com,male,1991,463
강성진,jeongjaryu@naver.com,male,1997,464
곽영숙,jeongjayun@hanmail.net,female,1989,465
홍선영,byeongceol25@hanmail.net,female,1989,466
윤미영,yeeun33@naver.com,female,1991,467
고정훈,minsubaeg@gmail.com,male,2001,468
문준혁,sangceoli@live.com,male,1994,469
이은경,yungyeongsug@live.com,male,2000,470
이영일,subinbag@gmail.com,male,1993,471
송은경,xhwang@hanmail.net,male,2002,472
장정숙,myeongja55@nate.com,male,2000,473
최상훈,simjinu@gmail.com,female,1996,474
박정훈,eunyeong96@hotmail.com,male,1996,475
강재호,seonyeongi@daum.net,male,1992,476
류현지,minseoseo@nate.com,male,1995,477
강정식,rheo@naver.com,female,1989,478
김성현,seoyeong24@dreamwiz.com,male,1997,479
최승현,io@hotmail.com,male,1997,480
최준서,eungyeong38@hanmail.net,male,1999,481
문영숙,gangseongsu@live.com,male,1990,482
이성수,qseo@nate.com,female,1991,483
오미정,ahan@naver.com,female,1992,484
민예지,hayungim@hanmail.net,male,1994,485
김서영,junho89@hotmail.com,male,1994,486
이중수,misuggo@hotmail.com,male,1990,487
노진호,hanseongho@naver.com,female,2002,488
송서영,yeonghwanbag@daum.net,male,1989,489
민영희,gbag@gmail.com,male,1992,490
백정호,myeongsugsim@dreamwiz.com,female,1996,491
이윤서,miyeong35@gmail.com,female,1995,492
황춘자,seongseoyeong@hanmail.net,female,1993,493
김영철,minseogseong@dreamwiz.com,female,1994,494
박영호,imisug@hanmail.net,male,1990,495
박준호,ujinbag@naver.com,male,1998,496
권정웅,seonyeong22@live.com,male,1997,497
류성현,jeongsui@hanmail.net,female,1992,498
윤진우,hyeonjeong52@naver.com,male,1998,499
강성현,vcoe@dreamwiz.com,male,2001,500
김미정,wgim@hanmail.net,male,1995,501
김우진,seonghungim@nate.com,female,2000,502
곽선영,yeongceolgweon@live.com,male,1995,503
박현지,geonu25@naver.com,male,1991,504
백서윤,bagjeongung@hanmail.net,female,1996,505
김혜진,di@live.com,male,1995,506
박정남,junyeonggim@live.com,female,1996,507
임상현,ki@live.com,female,2002,508
안현우,gyeongjagim@hotmail.com,male,2000,509
차영식,jaehyeon20@hanmail.net,female,1990,510
김하윤,yno@dreamwiz.com,female,1992,511
성성현,minseog59@hanmail.net,female,2001,512
류준영,iminji@daum.net,male,1996,513
윤준서,lbag@hanmail.net,male,1989,514
최경수,ogjao@daum.net,female,1998,515
권건우,gyeonghyi56@hanmail.net,female,1990,516
한수민,ggim@live.com,male,2000,517
고아름,yangyujin@dreamwiz.com,male,1994,518
안재현,yeweon18@gmail.com,male,1997,519
김지민,isanghyeon@hotmail.com,female,1989,520
장하은,minjungim@dreamwiz.com,female,1995,521
홍시우,odoyun@dreamwiz.com,female,1989,522
황지혜,gyeongsuggim@live.com,female,1998,523
주도현,jangjiu@naver.com,male,1990,524
고영숙,ihyeonu@live.com,female,1991,525
장정남,ijeongnam@hanmail.net,female,1990,526
최보람,mijeong07@daum.net,male,2001,527
윤영미,eunseo40@dreamwiz.com,female,2000,528
박현정,jiu08@gmail.com,male,1999,529
류도윤,gimmigyeong@gmail.com,male,2002,530
장종수,bagjeongsu@live.com,male,1999,531
윤하윤,bagyujin@gmail.com,male,1989,532
최승민,seongminhwang@hanmail.net,male,1994,533
강은지,ryuyejun@live.com,male,1997,534
하지은,jeongungo@live.com,male,1990,535
신영환,gimsangho@hanmail.net,female,1993,536
전동현,bagjinu@hanmail.net,female,1989,537
배정희,siui@hanmail.net,male,2001,538
이현준,gimseunghyeon@gmail.com,female,1997,539
윤수빈,ujin98@live.com,male,2001,540
이시우,zgim@naver.com,female,1997,541
이지민,hyeonjii@nate.com,male,1991,542
최영숙,seongmini@daum.net,female,2000,543
문민재,yunseoi@gmail.com,female,2001,544
류건우,baggeonu@gmail.com,male,1998,545
손상훈,yeongceol61@dreamwiz.com,male,1993,546
김선영,jia66@gmail.com,male,1988,547
고수빈,eomsanghyeon@nate.com,female,1989,548
백도현,ijunyeong@naver.com,female,1991,549
고은주,gimsubin@daum.net,male,1996,550
류수민,gyeonghyiyun@live.com,male,1996,551
이성현,iyeeun@gmail.com,male,1993,552
최숙자,seongjinhan@gmail.com,male,2000,553
백영미,whan@naver.com,female,1988,554
양영호,jaehyeon09@dreamwiz.com,male,1991,555
이영식,haeungim@naver.com,male,1992,556
최지우,jinui@daum.net,female,1997,557
김춘자,egim@daum.net,male,2000,558
정성수,gseo@daum.net,female,1990,559
오중수,bageunji@live.com,female,1996,560
정현우,iseungmin@hotmail.com,male,1999,561
한보람,yeongjini@hanmail.net,male,1994,562
강서현,jieunyun@live.com,male,1998,563
박영환,gimjunyeong@daum.net,female,1989,564
류숙자,ggim@daum.net,female,1988,565
윤민서,jieun24@hotmail.com,male,1990,566
김영길,cbag@hotmail.com,female,1997,567
안병철,xsim@daum.net,female,1992,568
배승현,ejang@naver.com,female,1989,569
정혜진,jiyeong84@hotmail.com,female,2000,570
안수빈,gimyeongsig@daum.net,male,1997,571
김시우,gimseoyeong@daum.net,male,2002,572
강재현,jiweon79@daum.net,male,1998,573
오준서,yeonggilbag@live.com,female,1993,574
문승민,geonu32@nate.com,female,1995,575
윤명숙,donghyeon12@daum.net,female,1992,576
나성진,jeongsug40@naver.com,female,1991,577
이진우,gyeongja35@hanmail.net,female,1993,578
홍정식,tsong@gmail.com,female,1995,579
성병철,hyeonjun15@nate.com,female,1990,580
서은서,jeongja41@hotmail.com,male,2001,581
최예진,jaeho30@hotmail.com,male,1999,582
이정희,rhan@live.com,female,1988,583
김은서,goyeongil@nate.com,male,1999,584
문준영,myeongsugcoe@dreamwiz.com,male,2001,585
김상훈,ijinho@hotmail.com,male,2001,586
양은서,yujingim@dreamwiz.com,male,1994,587
강영호,gseong@nate.com,male,1992,588
손은정,yejigim@nate.com,female,1988,589
장정희,seoyeoni@naver.com,male,2001,590
김성진,ri@hanmail.net,male,1996,591
우지원,dohyeon22@dreamwiz.com,female,1998,592
허영철,caeweonbag@nate.com,male,1989,593
성준호,heojaehyeon@hotmail.com,female,1992,594
한수빈,junho25@dreamwiz.com,male,1988,595
장중수,jeongunggim@nate.com,male,1996,596
손예은,gweonyeongsug@dreamwiz.com,male,2002,597
김예진,ijiyeong@live.com,male,1990,598
류서현,nbag@gmail.com,female,1992,599
전종수,areum00@nate.com,male,1995,600
김정순,yeonghyi63@nate.com,male,2001,601
이예진,bagsanghyeon@dreamwiz.com,male,1999,602
박종수,hyeonji92@daum.net,male,1997,603
손영식,jimino@dreamwiz.com,female,1991,604
윤정수,subin81@naver.com,female,2000,605
이옥순,jujeongja@dreamwiz.com,male,1991,606
박아름,gimeunju@gmail.com,male,1988,607
강성훈,tgim@hanmail.net,male,2001,608
이은영,jihu52@hanmail.net,female,1996,609
지성민,jiugim@gmail.com,female,2000,610
서준호,jia52@naver.com,male,1994,611
류혜진,zbag@hanmail.net,male,1993,612
임지현,seominseo@live.com,male,2000,613
류정호,muneungyeong@daum.net,male,2002,614
이지연,ijeongnam@live.com,female,1998,615
고민재,gimseonyeong@nate.com,female,1999,616
최영철,jimin09@nate.com,female,1997,617
노정호,hyeonju65@nate.com,male,1999,618
전상훈,gyeongsu30@gmail.com,female,1996,619
문은주,ogjahong@live.com,female,1988,620
이은정,cunjaha@daum.net,female,1997,621
곽상철,bnam@nate.com,female,1992,622
오영희,jinhobag@live.com,female,2000,623
손정수,zseong@nate.com,male,1993,624
송춘자,cunjacoe@daum.net,male,1991,625
한명자,sangceolnam@dreamwiz.com,male,1999,626
백서현,jiweon75@daum.net,male,2000,627
민영순,jeoneunyeong@gmail.com,female,1997,628
조영일,bagboram@hotmail.com,female,2002,629
양수진,baeyeonghwan@dreamwiz.com,male,2001,630
조민지,yujin38@hanmail.net,female,2002,631
권우진,hajihyeon@live.com,male,1997,632
김지은,myeongsug36@dreamwiz.com,female,1990,633
구영호,seongho92@nate.com,male,1997,634
박순자,areumi@hotmail.com,male,1996,635
이승현,icoe@hanmail.net,female,1993,636
황보람,seonyeong15@hotmail.com,female,1991,637
김현주,seohyeon88@hanmail.net,female,2002,638
차수진,yejin33@naver.com,male,1996,639
신춘자,yeongho91@hanmail.net,male,1991,640
손지연,jihyei@gmail.com,male,1998,641
안미경,tson@nate.com,male,1997,642
이옥자,kgim@dreamwiz.com,female,1990,643
오예준,ogsun51@nate.com,male,1989,644
양수빈,janggyeongsug@dreamwiz.com,female,1992,645
윤경숙,yeongil56@live.com,female,1991,646
최종수,seonghungim@dreamwiz.com,male,1996,647
서정수,donghyeonha@naver.com,female,1990,648
고채원,zseo@hotmail.com,female,1990,649
엄영수,gyeonghyigang@hotmail.com,male,1991,650
이재호,jihyebag@hotmail.com,male,1992,651
최정순,jiyeong56@naver.com,male,1995,652
홍도현,eunji26@hotmail.com,female,1988,653
한시우,ugim@live.com,female,1998,654
김주원,ogim@naver.com,female,2000,655
이지아,gyeongsumun@nate.com,female,1991,656
김광수,ocaeweon@gmail.com,male,1990,657
강종수,yeeunbaeg@gmail.com,male,1991,658
김승현,sunjao@hanmail.net,male,1991,659
윤성호,jeongsug17@dreamwiz.com,male,1995,660
지성진,gimeunseo@nate.com,female,1989,661
장도현,cgim@hanmail.net,female,1992,662
성성진,seonghogim@hotmail.com,male,1991,663
최현지,siu50@live.com,male,1999,664
김진호,gimjungsu@nate.com,female,1998,665
강현지,minjae30@live.com,female,1990,666
이영자,sujin80@daum.net,male,1992,667
김준영,seonghyeon55@live.com,male,1988,668
강수민,jhong@nate.com,female,1997,669
남정웅,ijunyeong@gmail.com,male,1995,670
심승민,jeongsui@naver.com,female,2000,671
김지우,siu56@hanmail.net,female,2002,672
박상호,uan@live.com,male,1990,673
이예준,jeongsuggim@gmail.com,female,1996,674
주진우,coeyeongho@daum.net,female,2001,675
박민지,baegjeongja@live.com,male,1988,676
박은영,lgim@daum.net,female,1993,677
박서윤,oeunji@hotmail.com,female,1994,678
권수빈,seongjin86@gmail.com,male,1990,679
신진호,rcoe@hotmail.com,female,1995,680
민지원,pjeon@hotmail.com,male,1989,681
황명숙,seonghyeon70@hanmail.net,female,1993,682
주채원,yujin08@dreamwiz.com,male,1997,683
안정남,eomseongsu@gmail.com,female,2002,684
강미경,xo@naver.com,male,1999,685
김성민,hryu@live.com,female,1995,686
서미영,junyeongjang@gmail.com,male,1991,687
성건우,jeondohyeon@hanmail.net,male,2000,688
한선영,sanghyeoncoe@hanmail.net,female,1995,689
최은서,tgim@hotmail.com,male,2000,690
최민서,tjang@daum.net,female,1995,691
홍서연,yeweon63@dreamwiz.com,female,1998,692
심은지,seonghungim@daum.net,male,1990,693
진영순,junseo33@naver.com,female,1993,694
윤은경,jeongsu69@hanmail.net,female,1991,695
이수민,hyeonsug71@dreamwiz.com,female,1991,696
권상철,hyeonjungim@dreamwiz.com,male,1992,697
박윤서,wgim@dreamwiz.com,female,1998,698
강옥순,bagujin@live.com,male,1997,699
지건우,jgim@dreamwiz.com,male,1993,700
김영환,iyeonggil@hotmail.com,male,1955,701
류준혁,seonghyeon06@live.com,female,2004,702
장채원,jihyeon83@hotmail.com,female,1947,703
이정식,vhwang@gmail.com,male,2014,704
최현숙,seojungsu@hanmail.net,male,2005,705
허미정,yuncaeweon@daum.net,female,2010,706
이성호,hyejinyun@hanmail.net,male,1970,707
배채원,yeonghwan94@hanmail.net,male,2004,708
권수진,jeongsun14@naver.com,male,2004,709
이민준,gbag@nate.com,male,1928,710
윤은영,jeongsuyang@daum.net,male,1976,711
박현숙,yeweonbae@dreamwiz.com,male,1961,712
손성훈,hwangjongsu@dreamwiz.com,male,2011,713
최정호,seoyeongseo@hanmail.net,female,2012,714
윤준영,geom@hotmail.com,female,1942,715
성옥자,gangyeongsun@gmail.com,male,1957,716
이성훈,iseohyeon@hanmail.net,male,2009,717
우지은,imigyeong@hanmail.net,female,2009,718
허지훈,jieungo@hanmail.net,female,2011,719
지영호,sunja28@live.com,female,2009,720
윤미정,minjunan@live.com,male,2004,721
전지은,phong@naver.com,male,2006,722
이지은,nseo@hotmail.com,male,2007,723
손정식,seunghyeongim@dreamwiz.com,female,1936,724
이동현,seonghoson@gmail.com,male,2008,725
남영철,no@naver.com,male,1983,726
남하윤,hgim@hotmail.com,male,1944,727
황영순,pcoe@nate.com,male,2011,728
고하은,ci@live.com,male,2010,729
박서영,geonuhwang@live.com,female,1942,730
장재현,gimsubin@live.com,male,1943,731
전경희,junyeong70@live.com,male,2005,732
윤승민,tha@hanmail.net,male,2012,733
이도윤,yejun94@naver.com,female,2004,734
김영희,imiyeong@hanmail.net,male,1982,735
장지후,eunji81@hanmail.net,male,2014,736
이진호,yeongsucoe@dreamwiz.com,male,2010,737
이은서,yeongsug15@daum.net,female,1925,738
황민준,sbag@live.com,female,1956,739
심은서,ohan@live.com,female,2010,740
김건우,sgim@hanmail.net,female,1958,741
윤민재,hyeonju49@dreamwiz.com,female,1925,742
양정호,coejunseo@gmail.com,female,1968,743
윤예진,subinryu@hanmail.net,male,1927,744
류정희,sujinhan@nate.com,female,2005,745
오서현,jihujeong@dreamwiz.com,female,2014,746
안상현,jinho18@gmail.com,female,1969,747
고성진,hyeonugang@live.com,male,2003,748
정지민,jeongnamhan@dreamwiz.com,male,1931,749
손상철,ljeong@nate.com,male,2003,750
양정식,bagmyeongsug@dreamwiz.com,female,2010,751
남종수,sanghuncoe@hanmail.net,male,2006,752
서현지,gweonseongsu@gmail.com,male,1987,753
윤지후,yeongsugjeong@nate.com,female,2014,754
양은영,jeonghyi08@live.com,female,1954,755
안우진,iseojun@dreamwiz.com,female,1927,756
최병철,minseoggim@live.com,male,1966,757
권은지,jeonghungweon@daum.net,male,2005,758
노보람,yujini@dreamwiz.com,male,1981,759
나옥순,eson@hanmail.net,male,2006,760
주민수,ryuyeongsun@gmail.com,female,1980,761
송예원,jiyeonseong@daum.net,male,2009,762
박하윤,caeweon54@hanmail.net,male,1984,763
이광수,anjunhyeog@daum.net,female,1965,764
정상철,yunseou@naver.com,female,2009,765
김은정,sangho61@naver.com,female,1944,766
심광수,hwangyeongceol@live.com,male,2013,767
양지연,jeongungcoe@hanmail.net,female,1962,768
김서연,jiyeonghan@dreamwiz.com,male,2003,769
배춘자,minseo67@hanmail.net,male,1967,770
김옥순,hyejin75@nate.com,female,2004,771
송옥자,seoyun68@hotmail.com,male,2009,772
서명자,gimseonghun@dreamwiz.com,female,1931,773
류미영,miyeongi@hanmail.net,female,2013,774
오하윤,hyeonsug60@hanmail.net,male,2013,775
장성현,gimmyeongja@gmail.com,male,1986,776
김지현,igim@nate.com,female,2014,777
지민수,minsuseo@hotmail.com,male,1934,778
장영수,coeyeji@nate.com,female,1966,779
윤선영,ihayun@hotmail.com,male,2013,780
배승민,gimjeongnam@hotmail.com,male,1926,781
황승현,hyeonji72@hotmail.com,male,1964,782
이혜진,gimhyeonji@daum.net,female,2004,783
이현정,jeongsugbae@hanmail.net,male,1928,784
서은주,seonghyeonjang@gmail.com,male,1940,785
박현주,wbag@dreamwiz.com,male,2013,786
이지영,seonghogo@hotmail.com,female,1973,787
강지은,junyeonggim@naver.com,male,2012,788
성영식,xgim@gmail.com,female,1979,789
황주원,egim@live.com,male,2008,790
우민수,hyeonjeong66@daum.net,female,1958,791
주지아,baghyejin@daum.net,male,2011,792
박경희,seunghyeon73@gmail.com,male,1950,793
이도현,misug27@nate.com,female,2009,794
허진호,seojieun@dreamwiz.com,female,2011,795
권예지,imyeongsug@hotmail.com,female,1979,796
조상훈,minmigyeong@naver.com,female,2007,797
송상호,agim@nate.com,female,2008,798
조정자,sanghyeon52@nate.com,female,2011,799
백옥순,ogjai@hotmail.com,female,1969,800
주서준,misugbag@live.com,female,1947,801
권정식,ti@naver.com,female,2007,802
박영길,abag@gmail.com,male,2005,803
신정남,juweon66@daum.net,female,2008,804
임옥자,anjihye@live.com,female,2006,805
정승현,subin14@hanmail.net,male,1928,806
장영미,eunjeong45@hanmail.net,male,2008,807
손건우,dohyeon16@hotmail.com,male,1983,808
김수민,ieunju@live.com,female,1948,809
박영일,baegjiyeong@naver.com,female,2011,810
손지우,yunyeongsig@dreamwiz.com,female,1977,811
양순옥,jongsu85@hanmail.net,male,1969,812
최영수,mgu@nate.com,male,2004,813
홍영길,jeongsu84@dreamwiz.com,female,1971,814
손명숙,iyeonghwan@gmail.com,female,2003,815
강상현,coeyeongja@daum.net,female,1949,816
양선영,coemiyeong@hotmail.com,male,1982,817
정재호,seonghun28@daum.net,female,1939,818
장성훈,ggu@nate.com,female,2003,819
차재호,junyeonggim@dreamwiz.com,female,2006,820
강성수,lmun@naver.com,female,1979,821
신명숙,sangceolgim@dreamwiz.com,female,1938,822
민준혁,jihye03@live.com,male,2014,823
최윤서,yeonghyio@daum.net,male,2014,824
허현정,jangjiu@gmail.com,male,1968,825
오민서,sonjunho@naver.com,female,1945,826
정수민,bjeong@naver.com,female,1981,827
박경자,jihu81@hotmail.com,female,1940,828
문명자,jeongung02@live.com,male,2005,829
심상호,jiyeongim@nate.com,female,1986,830
오지원,vbag@gmail.com,male,2012,831
김영순,naminsu@gmail.com,male,1938,832
박명자,geonugim@nate.com,female,2012,833
남영일,heoyeongceol@hotmail.com,male,1928,834
장승민,iyeongsu@live.com,female,1985,835
안성호,yeonghyigim@daum.net,male,2006,836
송승현,rhan@gmail.com,male,1936,837
이우진,jongsui@naver.com,female,2010,838
장현주,eungyeongsin@hanmail.net,male,1960,839
윤정식,areumcoe@daum.net,female,1967,840
오채원,bagsanghun@daum.net,male,1971,841
박민석,hanjeonghyi@gmail.com,male,2005,842
양명숙,gimgyeonghyi@nate.com,female,2005,843
배하은,seoyunyun@dreamwiz.com,male,1959,844
양성훈,yeongceol39@dreamwiz.com,male,2011,845
심예진,songyeonghyi@naver.com,female,1940,846
민상호,goyeongsun@naver.com,male,1980,847
오서윤,iyeonghyi@hanmail.net,male,2014,848
곽춘자,seoyeon42@live.com,female,2007,849
고지영,jeongnami@live.com,male,1974,850
박정호,yeongsiggu@hanmail.net,female,1983,851
장미경,yeongjacoe@gmail.com,female,1979,852
황채원,coemijeong@hanmail.net,male,2011,853
류현정,gimgyeongsu@daum.net,female,2008,854
박정식,hyeonjeonghan@nate.com,female,1925,855
박민준,ni@daum.net,male,2008,856
박예은,ygim@live.com,male,2012,857
송준영,hanyeeun@hanmail.net,male,2004,858
박경숙,ei@dreamwiz.com,male,2009,859
곽옥순,migyeongi@live.com,male,2012,860
조상현,songjunseo@daum.net,male,1928,861
송성민,hyeonjigim@daum.net,female,1967,862
장광수,seonghyeonhwang@nate.com,female,2003,863
오정수,fjo@daum.net,female,1956,864
나정희,ogsun70@naver.com,male,1942,865
이정자,gimseoyun@daum.net,female,1944,866
윤수진,minjigim@gmail.com,female,2009,867
박주원,can@hotmail.com,male,1935,868
전성민,wcoe@nate.com,female,1938,869
우민준,googja@hotmail.com,female,2013,870
박중수,iyeonghwan@hotmail.com,male,1971,871
홍광수,junhyeogi@naver.com,male,1947,872
진영일,gimgyeongsug@live.com,male,2007,873
곽혜진,baegjaeho@dreamwiz.com,male,1964,874
장은주,ryuogsun@dreamwiz.com,male,1970,875
강현정,ki@hotmail.com,male,1925,876
심지혜,junhogim@dreamwiz.com,female,2011,877
한경수,minjun18@hanmail.net,female,2008,878
최은지,jeongsiggang@hanmail.net,male,2013,879
오성민,oeom@dreamwiz.com,female,2014,880
엄영호,hyeonji48@naver.com,female,1966,881
하동현,seonghogim@hanmail.net,female,2004,882
우준호,junseoi@nate.com,female,1972,883
장예준,jihucoe@hanmail.net,male,1954,884
조현숙,whan@hanmail.net,female,2007,885
안현준,yeongjin62@dreamwiz.com,female,1948,886
황수진,lgim@live.com,female,1959,887
황우진,minsucoe@dreamwiz.com,female,2011,888
송재현,jeongung09@dreamwiz.com,female,1980,889
최채원,sinsunog@dreamwiz.com,female,1948,890
손민준,ihayun@live.com,female,2012,891
성순옥,minjigim@dreamwiz.com,male,2007,892
이하은,hyeonu14@nate.com,female,1964,893
강승민,lbag@naver.com,male,1955,894
이민재,cgim@gmail.com,female,1984,895
나윤서,ryudonghyeon@hotmail.com,female,1967,896
강지원,seonghunbag@dreamwiz.com,female,2006,897
임상훈,qan@hotmail.com,female,1985,898
임경희,mo@naver.com,male,1961,899
심은경,igyeongja@gmail.com,female,1933,900
하지혜,subinju@naver.com,male,1945,901
문정웅,hanjeongho@nate.com,male,2007,902
최은주,jeongjagim@daum.net,male,2007,903
안성훈,hanhyeonsug@nate.com,male,1930,904
서서준,gimseoyeong@gmail.com,female,1958,905
한현준,areumi@live.com,female,2013,906
박서현,yeongsigseo@dreamwiz.com,male,1945,907
장정자,kgim@hanmail.net,male,1967,908
나도윤,baghyeonji@nate.com,male,1935,909
차서영,seohyeon38@daum.net,male,1951,910
나순옥,ti@dreamwiz.com,female,1965,911
권서준,bagbyeongceol@hanmail.net,female,1955,912
엄경자,iyunseo@dreamwiz.com,male,2011,913
전서현,songmigyeong@daum.net,male,1978,914
류지훈,oi@hanmail.net,male,1952,915
김정자,jiyeonggim@dreamwiz.com,male,1964,916
신재호,isubin@daum.net,female,2008,917
강상훈,yunjeongnam@hotmail.com,female,1949,918
권영철,agim@daum.net,female,2008,919
백보람,iyeongsug@daum.net,female,2011,920
황지원,isangceol@hanmail.net,female,2008,921
최지은,hyeonjujang@hotmail.com,female,2003,922
장성민,sgu@dreamwiz.com,female,1964,923
황영길,yeongsugi@hotmail.com,male,2011,924
송진호,sangceol57@nate.com,male,1931,925
전우진,minjigim@hanmail.net,female,1946,926
황현정,munhaeun@hotmail.com,male,1980,927
고명자,hyeonsugson@nate.com,male,1924,928
홍지원,fgu@live.com,female,1957,929
장경자,ieunseo@hotmail.com,male,1939,930
권예진,jeongsig72@daum.net,female,2004,931
지광수,bagogja@daum.net,male,2011,932
오재호,geonu97@gmail.com,male,2008,933
송유진,gimgeonu@hotmail.com,male,1949,934
손예지,junyeongha@daum.net,male,2011,935
남예준,myeongsugi@live.com,male,2012,936
남지현,yeongilmun@hotmail.com,male,2008,937
박은정,boraman@nate.com,female,2014,938
홍수민,seonyeong31@live.com,female,1976,939
송경자,byeongceolcoe@gmail.com,male,1944,940
서광수,ggim@nate.com,female,2004,941
송영일,gimyeonggil@hanmail.net,male,1974,942
하은지,yejinjeong@dreamwiz.com,female,1944,943
고옥자,sanghunhwang@nate.com,female,2013,944
양준혁,gangjeongja@naver.com,male,1972,945
김민서,jeongnamsong@naver.com,female,1967,946
조민석,seungminbag@nate.com,female,1959,947
이경수,sanghyeonan@hanmail.net,female,1943,948
배준영,minseoggim@hotmail.com,male,1960,949
권경자,noseongmin@nate.com,female,2014,950
최정식,hyeonju08@nate.com,male,1974,951
손지아,yeongsug30@nate.com,female,2013,952
서영미,jihu19@hanmail.net,female,2003,953
백상훈,yeeun33@nate.com,female,2014,954
안현주,gwagmijeong@hanmail.net,male,1981,955
백서영,hanseonghun@daum.net,male,2005,956
박미경,jeongsui@dreamwiz.com,male,2004,957
고성민,seoyeonyang@live.com,female,2014,958
장수진,jiagim@naver.com,female,1982,959
권영호,eunyeonggim@hanmail.net,female,2008,960
박지우,yeongmicoe@nate.com,female,1935,961
류지아,jinho11@naver.com,male,2013,962
권지현,jiyeonggo@naver.com,female,1974,963
홍숙자,hyeonjuncoe@live.com,female,1957,964
윤은정,nbag@hanmail.net,male,2014,965
최중수,jeongsungim@nate.com,male,1972,966
박서연,jihu22@live.com,male,1955,967
류준서,gimjinu@hotmail.com,male,2003,968
정민수,geonu03@hanmail.net,male,2011,969
송승민,yeongho32@hotmail.com,male,1976,970
지준혁,gimjunho@dreamwiz.com,male,1983,971
문예원,yunseo82@nate.com,male,2003,972
하은영,xgim@live.com,female,1981,973
고예준,ei@hanmail.net,female,1973,974
권은경,eunjeongcoe@hanmail.net,male,2013,975
조민수,jeongungi@live.com,female,2009,976
백미정,seungmin77@hotmail.com,female,2012,977
강지연,egim@naver.com,male,1960,978
송성진,uryu@dreamwiz.com,female,2011,979
손상현,ji@daum.net,female,2009,980
권영진,mi@hanmail.net,female,1930,981
김정식,gimjunhyeog@naver.com,female,2012,982
류옥자,zgo@hanmail.net,male,1946,983
박지훈,yujin05@naver.com,male,2010,984
주광수,miyeongbag@daum.net,male,2006,985
임정식,ui@nate.com,male,2003,986
서영숙,hyeonju78@dreamwiz.com,male,1950,987
우정훈,jeongsun06@nate.com,male,2006,988
민지훈,yeongsugi@dreamwiz.com,male,1972,989
황지후,gimjungsu@dreamwiz.com,female,1973,990
박현준,seoyungo@live.com,male,2005,991
김수진,gangseongho@live.com,male,2004,992
송광수,abag@hanmail.net,male,2011,993
장예은,rhan@daum.net,female,2010,994
강상호,yeongmii@dreamwiz.com,male,1949,995
윤영일,yeongmisong@nate.com,male,1957,996
백영길,ni@hanmail.net,female,2007,997
서예지,hyeonugim@nate.com,male,2013,998
권진호,sujin89@dreamwiz.com,female,2014,999
서영희,ubag@live.com,male,1986,1000
